{
    "model": "mlm_1l_4h_16d_original_default_params_60k",
    "timestamp": "2026-06-02 07:40:24.044412",
    "epochs": 2910,
    "training": {
        "short": {
            "loss": 0.3190962811228585,
            "accuracy": 0.8935420853081774,
            "top_2_accuracy": 0.9831424900002669,
            "top_3_accuracy": 0.9968300814341149,
            "matthews_corrcoef": 0.8214272344429151,
            "macro_precision": 0.8363692473380007,
            "macro_recall": 0.6406553539136387,
            "macro_f1": 0.6733099177280208
        },
        "host": {
            "loss": 0.039220569892165456,
            "accuracy": 0.9803678579917156,
            "top_2_accuracy": 0.9993670331011184,
            "top_3_accuracy": 0.9996758904433437,
            "matthews_corrcoef": 0.9630941600210061,
            "macro_precision": 0.8764522282402464,
            "macro_recall": 0.8668559797066212,
            "macro_f1": 0.8704756888950269
        }
    },
    "validation": {
        "short": {
            "loss": 0.38410374870538244,
            "accuracy": 0.8652197365650803,
            "top_2_accuracy": 0.976364315341219,
            "top_3_accuracy": 0.9929861336292148,
            "matthews_corrcoef": 0.7761386925304311,
            "macro_precision": 0.7507337900398554,
            "macro_recall": 0.5233282765151348,
            "macro_f1": 0.5513870042576929
        },
        "host": {
            "loss": 0.41829924847087036,
            "accuracy": 0.8795870978053237,
            "top_2_accuracy": 0.9274762528987522,
            "top_3_accuracy": 0.9429854420779732,
            "matthews_corrcoef": 0.76636656161941,
            "macro_precision": 0.8096830336429264,
            "macro_recall": 0.7019520722352006,
            "macro_f1": 0.706318678554427
        }
    },
    "params": {
        "augment": "original",
        "context_size": 4096,
        "batch_size": 16,
        "features": [
            "short",
            "host"
        ],
        "targets": [
            "short",
            "host"
        ],
        "sampling": "index",
        "min_freq": 10,
        "n_heads": 4,
        "dim_per_head": 16,
        "num_layers": 1,
        "feedforward_factor": 4,
        "activation": "gelu",
        "gated_activation": true,
        "encoding": "raw_time",
        "encoding_type": "rotary",
        "rotary_max_exp": 14,
        "rotary_cutoff": 0.75,
        "biases": false,
        "head_bias": true,
        "tie_weights": true,
        "emb_init_std": 0.125,
        "optimizer": "adam",
        "scheduler": "linear",
        "lr": 0.005,
        "warm_up_steps": 200,
        "decay": 0.1,
        "momentum": 0.9,
        "gamma": null,
        "class_balance": 2.0,
        "target_ratio": 0.2,
        "mask_ratio": 0.8,
        "perturb_ratio": 0.1,
        "path": "saved_models",
        "log": "train",
        "d_model": 64,
        "dim_feedforward": 256,
        "encoding_freqs": [
            1.0,
            0.29730177875068026,
            0.08838834764831845,
            0.026278012976678578,
            0.0078125,
            0.0023226701464896895
        ],
        "updates": 58200,
        "id": "1l_4h_16d_original_default_params"
    }
}