{
  "scenario": 7,
  "total_clusters": 3724,
  "zero_shot": {
    "calls": 3724,
    "cost": 0.6152513999999996,
    "total_clusters": 3724,
    "total_actual_attack_clusters": 15,
    "tp": 7,
    "fp": 616,
    "fn": 8,
    "tn": 3093,
    "precision": 0.011235955056179775,
    "recall": 0.4666666666666667,
    "f1": 0.0219435736677116,
    "accuracy": 0.832438238453276
  },
  "few_shot": {
    "calls": 3724,
    "cost": 0.9733569999999988,
    "total_clusters": 3724,
    "total_actual_attack_clusters": 15,
    "tp": 9,
    "fp": 259,
    "fn": 6,
    "tn": 3450,
    "precision": 0.033582089552238806,
    "recall": 0.6,
    "f1": 0.0636042402826855,
    "accuracy": 0.9288399570354458
  }
}